Uuid,Void/Retire,Name,Concept Drug,Concept Dosage Form,Strength,_version:1
0903aa68-2769-456b-8862-53325302a434,,Isoflurane,Isoflurane,,,
9eafa43a-2b93-4aa1-9994-05a1e9e431f3,,Ketamine 10 mg/ml,Ketamine,Injection,10 mg/ml,
674c82e6-cc88-4d36-b0be-f811ba8e2fc4,,Ketamine 50 mg/ml,Ketamine,Injection,50 mg/ml,
48164e2b-bfaf-46c9-bd58-be536cb921c0,,Nitrous oxide,Nitrous oxide,Gas,,
cdc21e78-0f05-453d-9f1c-1f758b59c533,,Oxygen,Oxygen,Gas,,
ef25689c-f538-4b5f-bd02-a564aefcf123,,Propofol 10 mg/ml,Propofol,Injection,10 mg/ml,
87ab56c7-3952-4371-9981-605dc60471e1,,Sevoflurane,Sevoflurane,Inhalation,,
8d8dd854-4713-45a3-a9c5-3ae8114dafb7,,Thiopental 0.5 g,Thiopental,Powder for injection,0.5 g,
56753330-ec61-4264-9142-3ed7ca72a5ec,,Thiopental 1 g,Thiopental,Powder for injection,1 g,
eefb2e9b-de33-4ed5-afb6-e4794a025f65,,Bupivacaine 0.50%,Bupivacaine,Injection,0.50%,
6d5fd5ba-42fd-43bb-ac08-3040b06c6fc4,,Bupivacaine 0.5% with 7.5% glucose,Bupivacaine,Injection,0.5% with 7.5% glucose,
0a87b4e2-f992-4c0d-849a-12befc615f20,,Lidocaine 2-5%,Lidocaine,Gel,2-5%,
c99e443e-62c5-4b8f-9c3e-aa2fcce80fe4,,Lidocaine 1%,Lidocaine,Injection,1%,
e2b768dc-d5bd-46aa-9574-0937386dd2f0,,Lidocaine 2%,Lidocaine,Injection,2%,
0b62d3f8-78e8-4605-a770-043b4eb07658,,Lidocaine 5% with 7.5% Glucose,Lidocaine,Injection,5% with 7.5% Glucose,
7c6722a9-173d-4af0-866d-fcb2cd6cc6c0,,Lignocaine 1% +Adrenaline 1:200000 (5mcg/ml),Epinephrine / lidocaine,Injection,,
b1165a50-c9bd-4455-b1a1-b138f140c5ca,,Lignocaine 2% +Adrenaline 1:200000 (5mcg/ml),Epinephrine / lidocaine,Injection,,
9042fff1-6e47-484f-b8d9-5a9c87a2588a,,Lidocaine / prilocaine,Lidocaine / prilocaine,Cream,,
d1ffd775-fef4-42e1-a7c9-d3c5320a34d1,,Atropine 0.6 mg/ml,Atropine,Injection,0.6 mg/ml,
707ec234-8d98-4104-8301-9b0e4c0e4e4e,,Glycopyrrolate 0.2 mg/ml,Glycopyrrolate,Injection,0.2 mg/ml,
88c7f3b3-b698-47db-9a28-4faa2060b4d0,,Midazolam 7.5 mg,Midazolam,Tablet,7.5 mg,
1ee5dfe9-663c-4c28-aae5-ff97ee00abd8,,Midazolam 15 mg,Midazolam,Tablet,15 mg,
82173e90-59ca-4f11-8779-8e09f7be1b32,,Midazolam 2 mg/ml,Midazolam,Oral solution,2 mg/ml,
5c935922-9376-42e2-bf77-5a71ff660eae,,Midazolam 1 mg/ml,Midazolam,Injection,1 mg/ml,
1fa5c194-71e6-4c8b-9949-0442df25e221,,Midazolam 5 mg/ml,Midazolam,Injection,5 mg/ml,
1e3da7a0-54cf-4041-bea0-280c085794eb,,Morphine 10 mg/ml,Morphine,Injection,10 mg/ml,
f919fc04-6fef-4de4-ba5d-84715894755a,,Morphine 15 mg/ml,Morphine,Injection,15 mg/ml,
e8eb333c-0e70-4c8e-9561-554d0172564d,,Acetylsalicylic Acid 300 mg tablet,Acetylsalicylic Acid,Tablet,300 mg,
25a97c06-a37e-4ce6-bf7f-c75ad29621e7,,Acetylsalicylic Acid 500 mg tablet,Acetylsalicylic Acid,Tablet,500 mg,
1407e3d5-7882-4b95-ba29-5f7982de7e51,,Acetylsalicylic Acid,Acetylsalicylic Acid,Tablet,,
2aed5bd4-17fd-4c62-9d8a-1dc1b8e40bcb,,Acetylsalicylic Acid 300 mg enteric-coated tablet,Acetylsalicylic Acid,Enteric-coated tablet,300 mg,
ca26bacd-9701-4479-abe6-9772886202c6,,Acetylsalicylic Acid 500 mg enteric-coated tablet,Acetylsalicylic Acid,Enteric-coated tablet,500 mg,
a1c478fa-e348-47d2-8d1b-898d7d385ceb,,Diclofenac 50 mg,Diclofenac,Tablet,50 mg,
0f05b5a5-811c-417e-95c2-333a9f49ed5e,,Diclofenac 25 mg/ml,Diclofenac,Injection,25 mg/ml,
92a7a2c3-3034-498e-b411-e15dc41eaf23,,Ibuprofen 200 mg,Ibuprofen,Tablet,200 mg,
c3ccaca4-6588-4b08-9f2d-2a8d19340ffb,,Ibuprofen 400 mg,Ibuprofen,Tablet,400 mg,
9029a1bc-aff9-4b66-916e-d292be911cc1,,Ibuprofen 100 mg/5 ml,Ibuprofen,Oral solution,100 mg/5 ml,
3743b2e7-bed9-404d-8653-b986299bfc5b,,Mefenamic acid 250 mg,Mefenamic acid,Oral capsule,250 mg,
3e10ca09-37f1-4c68-a10c-724e1919c06e,,Mefenamic acid 500 mg,Mefenamic acid,Oral capsule,500 mg,
d3cd0c85-24e7-4c03-8b00-088e735fa779,,Paracetamol 500 mg,Paracetamol,Tablet,500 mg,
528717e1-404c-4836-8caf-d6f1e2dc28bf,,Paracetamol 650 mg,Paracetamol,Tablet,650 mg,
716ec989-4a71-4860-84d6-22a30efa8da0,,Paracetamol 150 mg/ml,Paracetamol,Injection,150 mg/ml,
50bba1b9-c1d7-4fd4-a063-506a20692f6f,,Paracetamol 80 mg,Paracetamol,Suppository,80 mg,
31a48ae5-f315-4984-9035-58bb0fb61f03,,Paracetamol 170 mg,Paracetamol,Suppository,170 mg,
78625cf6-c121-47f4-b915-b3786ac405ed,,Fentanyl 50 mcg/ml,Fentanyl,Injection,50 mcg/ml,
b35044be-68f2-4b0d-a359-62be0aee83bc,,Morphine 10 mg,Morphine,Tablet,10 mg,
3c0ef1e0-2ab9-428b-816d-139062813f4d,,Tramadol 50 mg,Tramadol,Oral capsule,50 mg,
01c0a4da-c32e-4d38-beca-b48ee5aff8ac,,Tramadol 100 mg,Tramadol,Oral capsule,100 mg,
15d4dd19-64f7-4a41-bad6-7889d9722706,,Tramadol 50 mg/ml,Tramadol,Injection,50 mg/ml,
d419a54d-3e00-4383-8a30-a9b092593807,,Allopurinol 100 mg,Allopurinol,Tablet,100 mg,
bd0f4abc-04c6-4f12-9dc6-77f2d049d336,,Allopurinol 300 mg,Allopurinol,Tablet,300 mg,
42441d85-2a2a-4a1a-8479-b5b1eeaa3488,,Colchicine 0.5 mg,Colchicine,Tablet,0.5 mg,
d53fe9c5-d7fd-4c3f-a3d5-7131edb9eac7,,Azathioprine 50 mg,Azathioprine,Tablet,50 mg,
5f66444a-161d-4e18-8cf9-70f78c63d9ac,,Hydroxychloroquine 200 mg,Hydroxychloroquine,Tablet,200 mg,
5ba92498-be66-457f-8721-3bc8fe3624d3,,Hydroxychloroquine 400 mg,Hydroxychloroquine,Tablet,400 mg,
49ee98db-4641-4219-8b1b-bedf00711dcf,,Leflunomide 10 mg,Leflunomide,Tablet,10 mg,
7c08bb90-54db-498f-99f7-a6be5349ab38,,Leflunomide 20 mg,Leflunomide,Tablet,20 mg,
b4615ecd-8cec-40f7-b2f0-a8e724026d51,,Methotrexate 5 mg,Methotrexate,Tablet,5 mg,
321b7651-827b-480c-a8b8-51f5f5a7c8d8,,Methotrexate 7.5 mg,Methotrexate,Tablet,7.5 mg,
58846be2-7b1d-43cf-8971-5fcb3b2acaa0,,Methotrexate 10 mg,Methotrexate,Tablet,10 mg,
75d36a35-919b-49a3-8a55-d03d775a10bb,,Methotrexate 25 mg/ ml,Methotrexate,Injection,25 mg/ ml,
3c143080-d638-4844-990a-54340041a472,,Sulfasalazine 500 mg,Sulfasalazine,Tablet,500 mg,
b6806af9-e723-454a-a01f-788ebd1cbeb6,,Epinephrine 1 mg/ml,Epinephrine,Injection,1 mg/ml,
b2bc9fd0-84c1-42de-a0f3-c3915565b046,,Cetirizine 10 mg,Cetirizine,Tablet,10 mg,
89a02d56-92b6-4f4b-b539-f39e2f060ed3,,Cetirizine 5 mg/5 ml,Cetirizine,Oral solution,5 mg/5 ml,
96f78cd8-ebe4-417c-a714-dfadc42b3422,,Chlorpheniramine maleate 4 mg,Chlorpheniramine maleate,Tablet,4 mg,
36e893b5-79f8-4802-8244-fdc59c9abf36,,Chlorpheniramine maleate 2 mg/5 ml,Chlorpheniramine maleate,Oral solution,2 mg/5 ml,
83c467e4-0585-411e-937f-c2bdbc080158,,Dexamethasone 0.5 mg,Dexamethasone,Tablet,0.5 mg,
f4e55276-33a8-4e6d-a629-c1d89a11782e,,Dexamethasone 4 mg/ml,Dexamethasone,Injection,4 mg/ml,
293c44d1-e297-4d71-83df-153dddfdb6c8,,Hydrocortisone 100 mg powder for injection,Hydrocortisone,Powder for injection,100 mg,
1cb07813-2b86-4a45-922d-c8147bcd9c46,,Pheniramine 22.75 mg/ml,Pheniramine,Injection,22.75 mg/ml,
667c1ff9-b516-49eb-a2dc-80b46fa7b85b,,Prednisolone 5 mg,Prednisolone,Tablet,5 mg,
c5d23ba7-dfee-47d6-b61f-8217af26d987,,Prednisolone 10 mg,Prednisolone,Tablet,10 mg,
44376103-9ab5-49a7-837d-08e76a164611,,Prednisolone 5 mg/5 ml,Prednisolone,Oral solution,5 mg/5 ml,
13de24ef-96d2-4e23-ada7-37567f052572,,Prednisolone 15 mg/5 ml,Prednisolone,Oral solution,15 mg/5 ml,
e590d8c6-9c01-4f85-bd88-08f0e0754013,,Activated charcoal,Activated charcoal,Powder,,
d905f8b3-8ea9-4792-b4cc-9ebf327d2ee0,,Atropine 1 mg/ml,Atropine,Injection,1 mg/ml,
c41b7db1-806b-49f0-8882-a28a765714a0,,Calcium gluconate 100 mg/ml,Calcium gluconate,Injection,100 mg/ml,
72aa7234-702e-4ac9-81c6-a39f286975a9,,Deferoxamine 500 mg,Deferoxamine,Powder for injection,500 mg,
65637bbb-86a3-44a2-8a2b-bd81196773c4,,Methylene blue 10 mg/ml,Methylene blue,Injection,10 mg/ml,
25ebb5b7-26ca-4ba1-9458-171fa92dfd1d,,Naloxone 0.4 mg/ml,Naloxone,Injection,0.4 mg/ml,
51e3a57a-63e4-4ffb-b6cc-886763891e77,,Neostigmine 0.5 mg/ml,Neostigmine,Injection,0.5 mg/ml,
a8d38827-94b5-4345-95ad-f753ded33146,,"Snake antivenom, polyvalent injection","Snake antivenom, polyvalent",Injection,,
279fcf78-b381-43cc-b1f2-d96b6dd498d1,,"Snake antivenom, polyvalent powder for injection","Snake antivenom, polyvalent",Powder for injection,,
db5fefa3-33d4-40ae-8ba0-eb4df032cbcf,,Pralidoxime chloride 25 mg/ml,Pralidoxime chloride,Injection,25 mg/ml,
bfd35932-3d3a-4c67-8b8d-bb5c263bea3b,,Sodium nitrite 30 mg/ml,Sodium nitrite,Injection,30 mg/ml,
aca21390-0c17-4c1d-93fd-d4cf9439c2c5,,Sodium thiosulfate 100 mg/ml,Sodium thiosulfate,Injection,100 mg/ml,
8edca5d7-9ec5-47cb-aec9-658a4d42991d,,Carbamazepine 100 mg,Carbamazepine,Tablet,100 mg,
48e6819c-8c6f-4880-ae8d-32ff3c571030,,Carbamazepine 200 mg,Carbamazepine,Tablet,200 mg,
5b315170-7039-47e6-9bb9-f190d9a0e538,,Carbamazepine 400 mg,Carbamazepine,Tablet,400 mg,
1bc6f322-3db9-40ff-9e74-a283520273ee,,Carbamazepine 100 mg/5 ml,Carbamazepine,Oral solution,100 mg/5 ml,
e533ef44-f671-4486-8b13-b66d05aa8c8e,,Carbamazepine 200 mg/5 ml,Carbamazepine,Oral solution,200 mg/5 ml,
9cb68787-14fa-4864-8160-cb6b3957f281,,Diazepam 2 mg/5 ml,Diazepam,Oral solution,2 mg/5 ml,
811132b2-b226-4cf6-9d4d-ed1a767dc94c,,Diazepam 5 mg/ml,Diazepam,Injection,5 mg/ml,
a0901ee6-6a60-4be5-a281-da02a0c61251,,Diazepam 5 mg,Diazepam,Suppository,5 mg,
34a2570a-f8d2-491f-b612-91aeaa065cb5,,Lorazepam 1 mg,Lorazepam,Tablet,1 mg,
83dbcd87-f88d-4039-bf88-5ba6d425c0a0,,Lorazepam 2 mg,Lorazepam,Tablet,2 mg,
ceedc8be-0b06-4149-801c-9c2a8516fc10,,Lorazepam 2 mg/ml,Lorazepam,Injection,2 mg/ml,
35ab018e-794f-439b-86af-4221a42993d8,,Magnesium sulfate 500 mg/ml,Magnesium sulfate,Injection,500 mg/ml,
4be16538-0107-4529-afee-0b1e0ccf73a1,,Phenobarbital 30 mg,Phenobarbital,Tablet,30 mg,
30840493-2228-4f19-bdab-ea7838fd5f2e,,Phenobarbital 60 mg,Phenobarbital,Tablet,60 mg,
50202af1-a885-40d8-81b7-321f147c2dbf,,Phenobarbital 20 mg/5 ml,Phenobarbital,Oral Solution,20 mg/5 ml,
97703540-589d-415b-afa9-2978d6716171,,Phenobarbital 200 mg/ml,Phenobarbital,Injection,200 mg/ml,
f3a42b13-0e35-48cb-afb7-c551ca58a64b,,Phenytoin 50 mg,Phenytoin,Tablet,50 mg,
e213bd2d-803b-445c-9a83-fb3077ac9bfd,,Phenytoin 100 mg,Phenytoin,Tablet,100 mg,
5a4323ce-88a8-4eef-ba01-cd639b63e4b0,,Phenytoin 300 mg tablet,Phenytoin,Tablet,300 mg,
91e525b6-088b-467d-80f7-05c5b8f3d4e3,,Phenytoin 300 mg enteric-coated tablet,Phenytoin,Enteric-coated tablet,300 mg,
45197082-470d-4d20-91a6-4d8266ad4662,,Phenytoin 30 mg/5 ml,Phenytoin,Oral solution,30 mg/5 ml,
9bcf8e4b-1964-4860-9a5f-e77c96300733,,Phenytoin 125 mg/5 ml,Phenytoin,Oral solution,125 mg/5 ml,
87bac6a0-a840-41b2-a1f3-493e0c15784c,,Phenytoin 25 mg/ml,Phenytoin,Injection,25 mg/ml,
dca58057-996e-4af3-8eea-c7c637d99f3a,,Phenytoin 50 mg/ml,Phenytoin,Injection,50 mg/ml,
d24544b2-451c-4697-89f4-a228ae5db95e,,Sodium valproate 200 mg,Sodium valproate,Tablet,200 mg,
39271c1e-48d6-4461-950a-c25641f5c636,,Sodium valproate 300 mg,Sodium valproate,Tablet,300 mg,
1c278f1b-239b-4292-a954-b53400e1a625,,Sodium valproate 200 mg/5ml,Sodium valproate,Oral solution,200 mg/5ml,
e5ff5404-2dd4-4143-9691-c2179b008a43,,Sodium valproate 100 mg/ml,Sodium valproate,Injection,100 mg/ml,
c7b54c1d-c2e4-4550-87f9-557b9e3ddfd1,,Albendazole 400 mg,Albendazole,Tablet,400 mg,
e258d957-ad16-4d40-a3c8-c44412249438,,Albendazole 200 mg/5 ml,Albendazole,Oral solution,200 mg/5 ml,
15db84df-c19f-4a2c-bd96-2ae148082d07,,Mebendazole 100 mg,Mebendazole,Tablet,100 mg,
fc942710-b23f-4802-9915-8cf50ce8f026,,Mebendazole 100 mg/5 ml,Mebendazole,Oral solution,100 mg/5 ml,
1ca40a49-fe68-47cb-a649-8c7f7cc61a2c,,Diethylcarbamazine 50 mg,Diethylcarbamazine,Tablet,50 mg,
c0a3deed-0f53-4762-9e32-5c28e9bea2bb,,Diethylcarbamazine 100 mg,Diethylcarbamazine,Tablet,100 mg,
638c6efa-846b-4c62-b275-1d8db9b563cd,,Diethylcarbamazine 120 mg/5 ml,Diethylcarbamazine,Oral solution,120 mg/5 ml,
411696cf-5234-48d0-86a9-7a8531bddaca,,Praziquantel 600 mg,Praziquantel,Tablet,600 mg,
67227a0b-68c6-48e4-b5cd-2e307533c3da,,Amoxicillin 250 mg,Amoxicillin,Oral capsule,250 mg,
cb7f236f-fc4b-4103-a0f8-6b57144056f9,,Amoxicillin 500 mg,Amoxicillin,Oral capsule,500 mg,
57e080c4-4f47-4653-893d-443bba7349b2,,Amoxicillin 250 mg/5 ml,Amoxicillin,Oral solution,250 mg/5 ml,
75395543-03ba-434e-a9af-57fb76f7a818,,Amoxicillin 500 mg + Clavulanic acid 125 mg,Amoxicillin and clavulanic acid,Tablet,,
c03e8ccb-dd69-49ab-8f15-68f28ae4549d,,Amoxicillin 200 mg + Clavulanic acid 28.5 mg /5 ml,Amoxicillin and clavulanic acid,Oral solution,,
9816a7b4-9264-40d1-9319-85ed060d8746,,Amoxicillin 125 mg + Clavulanic acid 31.25mg /5 ml,Amoxicillin and clavulanic acid,Powder suspension,,
e48b916d-4057-4921-9946-b148a28175d8,,Amoxicillin 1g + Clavulanic acid 200 mg,Amoxicillin and clavulanic acid,Powder for injection,,
be2f33c8-b0cb-4077-83b8-2e1bb5d56eb3,,Amoxicillin 500mg + Clavulanic acid 100mg,Amoxicillin and clavulanic acid,Powder for injection,,
636660db-5dfb-48da-a35b-f80c9c1cabb7,,Ampicillin 500 mg,Ampicillin,Powder for injection,500 mg,
ad78044a-dd5c-44fc-9070-550e18be4900,,"Penicillin G, benzathine 1 g","Penicillin G, benzathine",Powder for injection,1 g,
918e976c-3188-4cb4-8fcb-5a8c8de45894,,"Penicillin G, benzathine 6 lac units","Penicillin G, benzathine",Powder for injection,6 lac units,
a088f381-29e0-4a20-885d-0004302502a9,,"Penicillin G, benzathine 12 lac units","Penicillin G, benzathine",Powder for injection,12 lac units,
33d3b5a8-7439-423c-9887-caccf18eaffb,,Penicillin G 10 lac units,Penicillin G,Powder for injection,10 lac units,
2733188c-f2d9-4a61-a638-6ebf4e6ab62c,,Cefadroxil 500 mg,Cefadroxil,Tablet,500 mg,
fa8f9236-8dc7-47af-94b7-1bf0266734b9,,Cefadroxil 1 g,Cefadroxil,Tablet,1 g,
ce8b2bd5-4cb9-4e49-91ff-e3840b9c8117,,Cefadroxil 125 mg/5 ml,Cefadroxil,Oral solution,125 mg/5 ml,
b9929dcd-8774-4e5c-980e-1104cad0bf02,,Cefazolin 500 mg,Cefazolin,Powder for injection,500 mg,
0aa11bc8-5ca0-4e67-a65b-c28868d1d851,,Cefazolin 1 g,Cefazolin,Powder for injection,1 g,
f466d51c-f5bd-4559-80be-cd8493a0724d,,Cefixime 200 mg,Cefixime,Tablet,200 mg,
09221b2f-e0e5-4257-a83a-4fc51031c080,,Cefixime 400 mg,Cefixime,Tablet,400 mg,
087e4492-1549-478b-96e7-636a2120e7ff,,Cefixime 50 mg/5 ml,Cefixime,Oral solution,50 mg/5 ml,
e11934fa-9b8a-4c93-9d3d-1a1251cfc7bb,,Cefixime 100 mg/5 ml,Cefixime,Oral solution,100 mg/5 ml,
c7ada203-1444-4650-bce0-4371c8bfc0c1,,Cefotaxime 250 mg,Cefotaxime,Powder for injection,250 mg,
d788506d-2730-4202-8814-33ed6eb51d5f,,Cefotaxime 500 mg,Cefotaxime,Powder for injection,500 mg,
a6670d0d-0ca5-445d-8068-5405a2a6fc39,,Cefotaxime 1 g,Cefotaxime,Powder for injection,1 g,
421f2d2c-cd75-496b-9a2e-66d8d606ec50,,Ceftazidime 250 mg,Ceftazidime,Powder for injection,250 mg,
66ac32c1-f858-4d22-b33b-8d933e905371,,Ceftazidime 1 g,Ceftazidime,Powder for injection,1 g,
258d0090-76c3-4ab8-9e47-b0b999b2bf46,,Ceftriaxone 250 mg,Ceftriaxone,Powder for injection,250 mg,
37f660f8-1565-4024-aa40-865860564d19,,Ceftriaxone 500 mg,Ceftriaxone,Powder for injection,500 mg,
ceb1b638-8636-4a70-94b7-23d859d7511a,,Ceftriaxone 1 g,Ceftriaxone,Powder for injection,1 g,
f467d83d-7f64-407a-8ba0-ed63567bef03,,Cloxacillin 250 mg oral capsule,Cloxacillin,Oral capsule,250 mg,
d6b0bfdc-e390-4b78-823e-23e872ad867e,,Cloxacillin 500 mg,Cloxacillin,Oral capsule,500 mg,
2cc11bb9-0a88-4e63-aa09-30128d170a25,,Cloxacillin 125 mg/5 ml,Cloxacillin,Oral solution,125 mg/5 ml,
eb2828db-a4c3-4e07-97ff-251ad4e81abb,,Cloxacillin 250 mg powder for injection,Cloxacillin,Powder for injection,250 mg,
6da0cff9-5b0b-47ec-8391-f00709356bb9,,Azithromycin 250 mg,Azithromycin,Tablet,250 mg,
c3c31ad7-78c3-486d-8a2f-bf971821f44f,,Azithromycin 500 mg tablet,Azithromycin,Tablet,500 mg,
c64508dd-5382-4821-b25f-ad281c6b012a,,Azithromycin 200 mg/5ml,Azithromycin,Oral solution,200 mg/5ml,
ccc88f61-6b68-4507-9adb-476b100f577e,,Azithromycin 500 mg powder for injection,Azithromycin,Powder for injection,500 mg,
902e31f0-7e0f-4e6a-8a77-7ed13d3cfefc,,Ciprofloxacin 250 mg,Ciprofloxacin,Tablet,250 mg,
82b3581c-2045-4676-9415-e0b4557a3a7f,,Ciprofloxacin 500 mg,Ciprofloxacin,Tablet,500 mg,
25a4acf0-76db-4466-8309-9cee1b2a7ba9,,Ciprofloxacin 250 mg/5ml,Ciprofloxacin,Oral solution,250 mg/5ml,
ef6e2886-6790-4c75-9c98-c0e9b25a7734,,Ciprofloxacin 200 mg/100 ml,Ciprofloxacin,Injection,200 mg/100 ml,
515ec45e-3c02-475f-8ad7-7b6c77e99890,,Co-trimoxazole [Sulphamethoxazole 400 mg + Trimethoprim 80 mg],Sulfamethoxazole / trimethoprim,Tablet,,
81fa7a09-859f-452e-83a3-ead27633421b,,Co-trimoxazole [Sulphamethoxazole 800 mg + Trimethoprim 160 mg],Sulfamethoxazole / trimethoprim,Tablet,,
6fb3b8a3-be26-47bd-980d-4e25c53742b7,,Co-trimoxazole [Sulphamethoxazole 200 mg + Trimethoprim 40 mg /5 ml],Sulfamethoxazole / trimethoprim,Oral solution,,
a867567e-7aef-4bed-9f77-1c665952b426,,Doxycycline 100 mg,Doxycycline,Oral capsule,100 mg,
8188f30e-84df-49bd-bcda-8b4a27d566b6,,Gentamicin 10 mg/ml,Gentamicin,Injection,10 mg/ml,
2683ea55-fff4-4423-8fea-2dd03c50adde,,Gentamicin 40 mg/ml,Gentamicin,Injection,40 mg/ml,
a7101a3c-55ab-46c3-8967-8bf33e173b02,,Metronidazole 200 mg,Metronidazole,Tablet,200 mg,
be52ca61-eadc-46ca-9b0f-fd8a64a4f9d0,,Metronidazole 200 mg/5 ml,Metronidazole,Oral solution,200 mg/5 ml,
55c8c699-c007-445f-8bbc-a2255b72c2ec,,Metronidazole 500 mg/100 ml,Metronidazole,Injection,500 mg/100 ml,
4fd00bf1-cbaa-4813-9558-fc2cf297a87b,,Nitrofurantoin 100 mg,Nitrofurantoin,Tablet,100 mg,
ca1eb755-01b5-4f3b-8eff-8cfdbccc0885,,Nitrofurantoin 25 mg/5 ml,Nitrofurantoin,Oral solution,25 mg/5 ml,
1bbf145c-d968-4ff9-8e30-4363c703fa5d,,Clofazimine 50 mg,Clofazimine,Oral capsule,50 mg,
22fd0ef3-a572-45fb-9a51-003bd66f44cf,,Clofazimine 100 mg,Clofazimine,Oral capsule,100 mg,
cba4a0f5-7091-4b28-8fbe-ee6f556f4bd3,,Dapsone 25 mg,Dapsone,Tablet,25 mg,
58a064b1-8ecc-4905-bb92-4c40e6b75f63,,Dapsone 50 mg,Dapsone,Tablet,50 mg,
6faf8a74-8561-4aeb-b37e-4ba8850ee915,,Dapsone 100 mg,Dapsone,Tablet,100 mg,
c25838f7-c5f7-426c-8655-e1471e75b77b,,Rifampicin 150 mg,Rifampicin,Oral capsule,150 mg,
18d980a0-96e2-47b1-8b66-1c9347491975,,Rifampicin 300 mg,Rifampicin,Oral capsule,300 mg,
d9449491-2e58-487c-be5f-5f7bc5ef6e79,,Capreomycin 1 g,Capreomycin,Powder for injection,1 g,
45af0dcc-4ac8-4085-ad97-b24f3750928a,,Clotrimazole 100 mg,Clotrimazole,Pessary,100 mg,
bcab428f-fb05-461d-96c2-f7083e696022,,Fluconazole 100 mg,Fluconazole,Tablet,100 mg,
4e5b22f9-20c7-4b7b-a0f7-81badd51a156,,Fluconazole 50 mg,Fluconazole,Tablet,50 mg,
ee830d48-30d3-4356-82e7-46cc13958d29,,Fluconazole 150 mg,Fluconazole,Tablet,150 mg,
ecd42da1-b399-45e4-8351-0c9eacb52951,,Fluconazole 200 mg,Fluconazole,Tablet,200 mg,
72324b2e-1f16-4bd1-8382-8fbe4f63baae,,Fluconazole 400 mg,Fluconazole,Tablet,400 mg,
3986cd7c-a26e-47ad-acf8-6322ea2dc79c,,Fluconazole 50 mg/5 ml,Fluconazole,Oral solution,50 mg/5 ml,
0bb9ba5a-4cc4-45c2-a797-163c627ea36d,,Fluconazole 200 mg /100 ml,Fluconazole,Injection,200 mg /100 ml,
385c664d-1740-4087-9519-0a758945442e,,Griseofulvin 125 mg,Griseofulvin,Tablet,125 mg,
0c9f0a35-f4c0-4025-9903-60c259be473c,,Griseofulvin 250 mg,Griseofulvin,Tablet,250 mg,
8a0819c8-1d3d-4e15-b58f-2611fb3e7f0a,,Griseofulvin 375 mg,Griseofulvin,Tablet,375 mg,
f987d929-3fc7-4914-83c8-62e847f28204,,Acyclovir 200 mg,Acyclovir,Tablet,200 mg,
9be96f50-d100-4968-977d-ac227a1df4f1,,Acyclovir 400 mg,Acyclovir,Tablet,400 mg,
7ac2785c-c8a3-426c-9729-43350eff7629,,Acyclovir 250 mg,Acyclovir,Powder for injection,250 mg,
c0f8943f-3732-4a89-a17e-ec8d86db525a,,Acyclovir 500 mg,Acyclovir,Powder for injection,500 mg,
97af325f-f7f7-41c7-9185-d754092ad95f,,Acyclovir 400 mg/5 ml,Acyclovir,Oral solution,400 mg/5 ml,
5c7a02ed-90c7-4691-b198-adf667fd25c0,,Entecavir 0.5 mg,Entecavir,Tablet,0.5 mg,
54088505-c033-44bd-8d9b-c26f51e48cf8,,Entecavir 1 mg,Entecavir,Tablet,1 mg,
4145e327-04bb-4af1-a5dd-8b06a7b777d9,,Peginterferon alfa-2a 180 mcg,Peginterferon alfa-2a,Injection,180 mcg,
cb05cab9-ad3c-4f28-8c5a-a3a612f5d07c,,Peginterferon alfa-2a 80 mcg,Peginterferon alfa-2a,Injection,80 mcg,
f18a7736-8cb3-453d-9b52-8dd79b4fe15c,,Peginterferon alfa-2a 100 mcg,Peginterferon alfa-2a,Injection,100 mcg,
7b14e2bf-3ec9-425f-82e6-aefdfda1843a,,Peginterferon alfa-2a 120 mcg,Peginterferon alfa-2a,Injection,120 mcg,
1f980ed5-43d7-41d9-a153-0cb2451210e2,,Ribavirin 200 mg,Ribavirin,Oral capsule,200 mg,
d06363c2-bb20-4c8d-87d8-b45d8bc30831,,Sofosbuvir 400 mg,Sofosbuvir,Tablet,400 mg,
5e8c21f5-a2a0-4f00-a4c0-4ae13be2e137,,Tenofovir 300 mg,Tenofovir,Tablet,300 mg,
9f58e295-8a27-419c-a141-60b6d9dd4862,,Metronidazole 400 mg,Metronidazole,Tablet,400 mg,
fb03c02c-9e54-457e-98fa-33ef53e94594,,Amphotericin B 50 mg,Amphotericin B,Powder for injection,50 mg,
8ccd9f89-99d9-4ea5-822c-07a751d5cf89,,"Amphotericin B, liposomal 50 mg","Amphotericin B, liposomal",Powder for injection,50 mg,
72a3e58b-77f1-46cf-ab29-79fe13c67033,,Amphotericin B lipid complex 50 mg,Amphotericin B lipid complex,Powder for injection,50 mg,
6035661f-bd7d-4f7f-9eba-64160cff1faa,,Artemether 40 mg + Lumefantrine 240 mg,Artemether-lumefantrine,Tablet,,
72199f87-fba0-4ab2-981f-12b307ca53d9,,Artemether 80 mg + Lumefantrine 480 mg,Artemether-lumefantrine,Tablet,,
2eb163e2-5754-4663-8bbc-487e8985bde5,,Artemether 20 mg + Lumefantrine 120 mg,Artemether-lumefantrine,Tablet,,
ee907312-57d6-43cb-833c-ddacac56226e,,Artemether 80 mg + Lumefantrine 480 mg /5 ml,Artemether-lumefantrine,Oral solution,,
c61f264e-66e3-4f02-8603-7a3cc06971ce,,Artesunate 60 mg,Artesunate,Powder for injection,60 mg,
1f28a112-63b4-4636-94ea-41d0a762fe35,,Artesunate 120 mg,Artesunate,Powder for injection,120 mg,
2d76c573-13f1-4a85-befd-7d674f081d9b,,Artesunate 25 mg,Artesunate,Tablet,,
35c2c203-e66f-47c3-a859-c8a1391f336f,,Artesunate 50 mg,Artesunate,Tablet,,
d2d2679b-bd5d-409c-8efa-6765b3aa1b90,,Artesunate 100 mg,Artesunate,Tablet,,
8e6f6517-cf56-475d-a0ce-eb0cf942e4ba,,Artesunate 150 mg,Artesunate,Tablet,,
b0a81171-4dc3-4dbb-b50a-2951c1a3cc5a,,Artesunate 200 mg,Artesunate,Tablet,,
0aa11505-e7fb-4e54-bcd2-adcb5ab6cc38,,Sulphadoxine - Pyrimethamine (250 mg + 12.5 mg),Sulfadoxine and pyrimethamine,Tablet,,
761f7736-b98e-41c1-8765-e6da3c695f25,,Sulphadoxine - Pyrimethamine (500 mg + 25 mg),Sulfadoxine and pyrimethamine,Tablet,,
e5dc5bbc-9f65-450b-86b4-97fe516ba92d,,Sulphadoxine - Pyrimethamine (750 mg + 37.5 mg),Sulfadoxine and pyrimethamine,Tablet,,
48a82cca-29f3-41b4-a30f-231058ca6a78,,Chloroquine 150 mg,Chloroquine,Tablet,150 mg,
fbf17112-9dc6-4408-a463-7ee3d195e3ff,,Chloroquine 50 mg/5 ml,Chloroquine,Oral solution,50 mg/5 ml,
0732b78b-6556-4e17-8868-913d3aff0dd5,,Primaquine 2.5 mg,Primaquine,Tablet,2.5 mg,
8cb40d73-b456-4b35-a29c-47f23a7352b0,,Primaquine 7.5 mg,Primaquine,Tablet,7.5 mg,
2bf8d3bd-9b7a-4799-a9f1-ba8b3a67d666,,Primaquine 15 mg,Primaquine,Tablet,15 mg,
a265e9cc-8454-4093-aca0-9ac798fbdfb7,,Quinine 300 mg,Quinine,Tablet,300 mg,
77b2a73b-d3d2-4168-ab61-0c5081f0694d,,Quinine 300 mg/ml,Quinine,Injection,300 mg/ml,
75d43e47-1587-42ca-ad29-4f9cd0c8acc0,,Flunarizine 5 mg,Flunarizine,Tablet,5 mg,
a9cfc588-eae5-4933-8d76-10d97b449079,,Flunarizine 10 mg,Flunarizine,Tablet,10 mg,
5fdcd807-340c-44cc-99e4-e567144c88c6,,Propranolol 40 mg,Propranolol,Tablet,40 mg,
72daa1ab-9571-4c4f-98b4-3ffd818507da,,Propranolol 10 mg,Propranolol,Tablet,10 mg,
44563ef5-b093-4d7c-bd5b-ce3dd334125b,,Propranolol 80 mg,Propranolol,Tablet,80 mg,
334b1bf1-8ba3-456d-ac23-2aac311f688d,,Epoetin alfa 2000 IU/ml,Epoetin alfa,Injection,2000 IU/ml,
d9040ef8-1bb2-4033-bd48-1bce4db88110,,Epoetin alfa 10000 IU/ml,Epoetin alfa,Injection,10000 IU/ml,
083dd332-9461-462a-83fb-f92946479028,,"Ferrous sulfate,dried equivalent to 60 mg of elemental iron","Ferrous sulfate,dried",Tablet,equivalent to 60 mg of elemental iron,
e3e10991-055f-430e-89db-6d166f9305da,,"Ferrous sulfate,dried equivalent to 25 mg of elemental iron/ml","Ferrous sulfate,dried",Oral solution,equivalent to 25 mg of elemental iron/ml,
2ced0818-6d10-45e3-b35e-99e809a09b1f,,Ferrous salt 45mg elemental iron + Folic acid 400 mcg,Ferrous sulfate and folic acid,Tablet,,
2eadbc59-f02c-41fd-9188-4245b96e95be,,Ferrous salt 100 mg elemental iron + Folic acid 500 mcg,Ferrous sulfate and folic acid,Tablet,,
9ffafb96-545e-4dfa-95eb-0e0f8ee84a7b,,Ferrous salt 20 mg elemental iron + Folic acid 100 mcg /ml,Ferrous sulfate and folic acid,Oral solution,,
264ea3a5-d657-4865-9977-330b9a4a963a,,Folic acid 5 mg,Folic acid,Tablet,5 mg,
9cc7e8ca-3aa8-4960-bce3-4a2ca3bc0750,,Hydroxocobalamin 1 mg/ml,Hydroxocobalamin,Injection,1 mg/ml,
17217823-a0d5-4f60-81ce-f9e954bba15a,,Hydroxyurea 500 mg,Hydroxyurea,Oral capsule,500 mg,
fd1ab2f2-bd5d-4009-bd84-f4b33b9bf766,,Iron 20 mg/ml,Iron,Injection,20 mg/ml,
02c69ef9-62a2-4885-a7a3-f83320341e54,,Enoxaparin 40 mg/0.4 ml,Enoxaparin,Injection,40 mg/0.4 ml,
b04a499f-a1be-4d3d-af3f-db902c3dde24,,Enoxaparin 60 mg/0.6 ml,Enoxaparin,Injection,60 mg/0.6 ml,
d04fdbe6-3566-4594-bf30-76ce0289fba7,,Heparin 5000 IU/ml,Heparin,Injection,5000 IU/ml,
b2d9fd2b-324d-40cc-bd9b-c6d3cdc92a5d,,Vitamin K 1 Tablet 10mg,Vitamin K 1,Tablet,Tablet 10mg,
7dd90e17-7e60-4282-ab1a-90a7b7bd8c44,,Vitamin K 1 10 mg/ml,Vitamin K 1,Injection,10 mg/ml,
9555e7b9-8194-426c-a5f9-73bb63b89d86,,Protamines 10 mg/ml,Protamines,Injection,10 mg/ml,
ff7479fd-18ce-49e5-9055-7e75579005e5,,Tranexamic acid 500 mg,Tranexamic acid,Tablet,500 mg,
c7e121f3-e9b4-4ff5-baa8-cd504fe64606,,Tranexamic acid 100 mg/ml,Tranexamic acid,Injection,100 mg/ml,
1227c6e1-0f15-4a0b-8ab9-e1e2668afdff,,Warfarin 1mg,Warfarin,Tablet,1mg,
aa0809e7-22e0-428d-81a9-20f9943b7774,,Warfarin 2 mg,Warfarin,Tablet,2 mg,
63ef31d4-fc02-411e-909b-4240a436b3dd,,Warfarin 3 mg,Warfarin,Tablet,3 mg,
242f0ba9-45b4-4cfa-b0a3-811306092983,,Warfarin 5 mg,Warfarin,Tablet,5 mg,
8111453d-7fca-456d-ab20-83f7634c0aa0,,Clopidogrel 75 mg,Clopidogrel,Tablet,75 mg,
f71e3733-212d-48a8-b2eb-b5f5a685f481,,Diltiazem 30 mg,Diltiazem,Tablet,30 mg,
27ff02c2-e6ff-4a8f-bdf7-a8d96404d040,,Diltiazem 60 mg,Diltiazem,Tablet,60 mg,
d30828fa-445d-4d75-a861-59e68bdbbe86,,Diltiazem 90 mg,Diltiazem,Sustained-release tablet,90 mg,
2708a643-183a-4018-8def-bb221e7d4906,,Diltiazem 5 mg/ml,Diltiazem,Injection,5 mg/ml,
e5d6344b-cde1-4970-a047-bd18864e6194,,Nitroglycerin 0.5 mg,Nitroglycerin,Sublingual tablet,0.5 mg,
9092a4f7-87a7-42f9-af0b-2394a712dedf,,Nitroglycerin 5 mg/ml,Nitroglycerin,Injection,5 mg/ml,
21308331-0f6a-40df-9f15-3a9c4ee522b8,,Isosorbide mononitrate 10 mg,Isosorbide mononitrate,Tablet,10 mg,
a2b750f6-7626-440f-bcf9-f2904eb9e21c,,Isosorbide mononitrate 20 mg,Isosorbide mononitrate,Tablet,20 mg,
b96aceed-f8fa-4fbc-84da-e43aa7874086,,Isosorbide mononitrate 30 mg,Isosorbide mononitrate,Sustained-release tablet,30 mg,
7c12afc6-ecdf-424f-a1c4-b1752c995e72,,Isosorbide mononitrate 60 mg,Isosorbide mononitrate,Sustained-release tablet,60 mg,
d40858fa-23dd-443e-b42d-7298b4826a50,,Isosorbide dinitrate 5 mg,Isosorbide dinitrate,Tablet,5 mg,
515148dc-de65-478b-b9ca-1f9279f40b31,,Isosorbide dinitrate 10 mg,Isosorbide dinitrate,Tablet,10 mg,
9ee30e94-74d8-425a-b24c-910ebb890427,,Metoprolol 25 mg tablet,Metoprolol,Tablet,25 mg,
b3b0027d-c3e7-41de-99b9-ebcef687d985,,Metoprolol 50 mg tablet,Metoprolol,Tablet,50 mg,
901a1c44-a7cc-4cd8-aa7e-1847d3b392d5,,Metoprolol 25 mg sustained-release tablet,Metoprolol,Sustained-release tablet,25 mg,
df560519-f23d-4dba-8ccb-4c6b886b7e0d,,Metoprolol 50 mg sustained-release tablet,Metoprolol,Sustained-release tablet,50 mg,
f27bc1e4-afaf-4bc9-8266-91bba9dcebd0,,Adenosine 3 mg/ml,Adenosine,Injection,3 mg/ml,
d93a22f3-1b1e-424b-a65f-25f0409341ae,,Amiodarone 100 mg,Amiodarone,Tablet,100 mg,
67b1cf5d-77e2-4a6e-90fa-25156dac0f31,,Amiodarone 200 mg,Amiodarone,Tablet,200 mg,
e895ab44-84ce-462e-aa6b-30cce01b5113,,Amiodarone 50 mg/ml,Amiodarone,Injection,50 mg/ml,
b669bb3f-1f3a-4d88-afa9-51e39a937f00,,Verapamil 40 mg,Verapamil,Tablet,40 mg,
9bb431f9-aa28-4078-872a-b20a2ac389df,,Verapamil 80 mg,Verapamil,Tablet,80 mg,
11945f65-4a17-4b99-8d66-8243dc6e2b1a,,Verapamil 2.5 mg/ml,Verapamil,Injection,2.5 mg/ml,
dd03ca62-caa2-4fd1-9e16-1ea40154d59b,,Dobutamine 50 mg/ml,Dobutamine,Injection,50 mg/ml,
8fde4fb0-0b2a-4c39-ba44-d609d77dc805,,Dopamine 40 mg/ml,Dopamine,Injection,40 mg/ml,
bf54d88d-7b67-4031-a39c-e3efe571f711,,Amlodipine 2.5 mg,Amlodipine,Tablet,2.5 mg,
5cd6f5ee-d6c6-407b-96f3-e43e33b667b8,,Amlodipine 5 mg,Amlodipine,Tablet,5 mg,
58c98304-2071-4b3c-9953-75440c850391,,Amlodipine 10 mg,Amlodipine,Tablet,10 mg,
d5e8ca33-033a-4602-9f3a-188342b3c565,,Atenolol 50 mg,Atenolol,Tablet,50 mg,
1b866f95-aebd-4c53-b5df-eff9a18b0d49,,Atenolol 100 mg,Atenolol,Tablet,100 mg,
49d9800a-2f8f-4c26-940a-dcb9edb55a66,,Enalapril 2.5 mg,Enalapril,Tablet,2.5 mg,
d4b3de28-2b5d-44e6-b202-c8ef3e14edb8,,Enalapril 5 mg,Enalapril,Tablet,5 mg,
4ad7e199-4d38-4c1d-8425-e77ec48942c1,,Hydrochlorothiazide 12.5 mg,Hydrochlorothiazide,Tablet,12.5 mg,
947812a4-a97e-4464-91f9-78ffa5998db6,,Hydrochlorothiazide 25 mg,Hydrochlorothiazide,Tablet,25 mg,
9f12b68b-53f8-45da-b945-b1434d875902,,Labetalol 5 mg/ml,Labetalol,Injection,5 mg/ml,
d372fa22-45cc-4fb3-8c22-93da9c8550cb,,Methyldopa 250 mg,Methyldopa,Tablet,250 mg,
de6952db-0651-4060-a6b3-79cbb1fa8c7a,,Methyldopa 500 mg,Methyldopa,Tablet,500 mg,
efb3f3a8-3d4c-44f1-ad86-58acef356841,,Ramipril 2.5 mg,Ramipril,Tablet,2.5 mg,
1e63195a-8cdd-41b3-ba2e-d86c62c6819c,,Ramipril 5 mg,Ramipril,Tablet,5 mg,
eab408a8-18d5-49e1-8c18-b7219e62ed42,,Telmisartan 20 mg,Telmisartan,Tablet,20 mg,
22295069-0244-43a7-9ed5-df6f5296ec04,,Telmisartan 40 mg,Telmisartan,Tablet,40 mg,
d07ca549-4221-4a08-aaec-294caebfc96d,,Telmisartan 80 mg,Telmisartan,Tablet,80 mg,
15d487a6-ad1a-4590-b829-f1896bbbd407,,Digoxin 0.25 mg,Digoxin,Tablet,0.25 mg,
98c861e5-25b0-4ac6-979e-a052b5b5f960,,Digoxin 0.05 mg/ml,Digoxin,Oral solution,0.05 mg/ml,
8015e1d8-6562-492c-b866-2ca92208ed1c,,Digoxin 0.25 mg/ml,Digoxin,Injection,0.25 mg/ml,
ab7397a3-c671-43c2-9792-5a7084348b8d,,Noradrenaline 2 mg/ml,Noradrenaline,Injection,2 mg/ml,
0b759eba-f47a-4e5b-9d13-0fdd49f577e1,,Acetylsalicylic acid 75 mg,Acetylsalicylic acid,,75 mg,
8b0a8185-325c-4e30-9565-68cb0544d1fc,,Acetylsalicylic acid 100 mg,Acetylsalicylic acid,,100 mg,
f231faed-15aa-4ff6-93a4-131da6a86e68,,Acetylsalicylic acid 150 mg,Acetylsalicylic acid,,150 mg,
d5e1f770-7107-4d93-b5ac-f79dd432184a,,Heparin 1000 IU/ml,Heparin,Injection,1000 IU/ml,
42ae22d0-5205-48ad-91f4-22ea302ea9ad,,"Streptokinase 750,000 IU",Streptokinase,Injection,"750,000 IU",
d3d18182-eacd-4a64-adf2-70919f3ffae5,,"Streptokinase 15,00,000 IU",Streptokinase,Injection,"15,00,000 IU",
72eb90ff-983c-441b-b436-fa6b10e97b2e,,Atorvastatin 10 mg,Atorvastatin,Tablet,10 mg,
9bb9528e-b722-4865-a6a9-faf7f9ab912d,,Atorvastatin 20 mg,Atorvastatin,Tablet,20 mg,
a9e59a5a-d529-4fb9-98e6-649325031ef6,,Atorvastatin 40 mg,Atorvastatin,Tablet,40 mg,
17b883b3-1356-43a7-b603-6eacc18eeac0,,Clotrimazole 1% cream,Clotrimazole,Cream,1%,
5fac5a6a-9c01-430b-a6b8-11d843fe6759,,Gentian violet 0.25%,Gentian violet,,0.25%,
7a1d6818-3d5a-4b63-8833-04bc66d2e21a,,Gentian violet 2%,Gentian violet,,2%,
1f847aa6-e7f9-4830-b156-b9d3bcdcd4b6,,Povidone-iodine 4%,Povidone-iodine,Solution,4%,
d4b0f9a7-1796-4003-8561-8f32e0601c46,,Povidone-iodine 10%,Povidone-iodine,Solution,10%,
70365083-7c44-4993-a5b1-b4fe6d18347b,,Silver sulfadiazine 1%,Silver sulfadiazine,Cream,1%,
3e027745-ce1f-42f9-9873-e6b05ce95550,,Betamethasone 0.05%,Betamethasone,Cream,0.05%,
a4bb0bae-4b35-453b-b77a-3d398c51294f,,Betamethasone 0.10%,Betamethasone,Cream,0.10%,
592b6bca-aea3-455b-b7db-2aa90f33c017,,Calamine,Calamine,Lotion,,
d04c852c-8cb6-479b-a6a0-eb2cf437e4ad,,Benzoyl peroxide 2.50%,Benzoyl peroxide,Gel,2.50%,
f0a1a582-a747-44d3-90b1-532d59a04fe3,,Coal tar 5%,Coal tar,Solution,5%,
ef75db23-f02d-43cc-987f-9143cd6dc23c,,Salicylic acid 6%,Salicylic acid,Ointment,6%,
f3779f36-967d-4487-9b71-0eb3d403338a,,Glycerol,Glycerol,Oral solution,,
efa3328d-9bcc-4f38-82d7-06f835eccbdb,,"Petrolatum, white","Petrolatum, white",Jelly,,
1f27b7a6-3a9b-4413-a8b6-c211821f01d2,,Permethrin 1%,Permethrin,Lotion,1%,
44f49eb7-5610-4c52-9b04-51b10214f6d9,,Permethrin 5%,Permethrin,Cream,5%,
6da6ae21-4c3f-452c-9a33-e0d4f35969b1,,Fluorescein 1%,Fluorescein,Drops,1%,
3069417d-a612-4e01-8ed3-874348ad8af5,,Lidocaine 4%,Lidocaine,Drops,4%,
e0c39037-2672-4b40-b0c9-d32775476c18,,Tropicamide 1% eye drop,Tropicamide,Drops,1%,
750f65f1-b0e4-4cc9-8510-f7d56141c4f7,,Barium sulfate 100% w/v,Barium sulfate,Oral solution,100% w/v,
be51a6ca-169a-4685-b1ae-bc859f284ea5,,Barium sulfate 250% w/v,Barium sulfate,Oral solution,250% w/v,
945d29de-1e32-4439-9ebe-97fa6ddc4c46,,Iohexol 140 mg iodine/ml,Iohexol,Injection,140 mg iodine/ml,
c8f98320-72d1-4938-b77e-fb05e347a558,,Iohexol 350 mg iodine/ml,Iohexol,Injection,350 mg iodine/ml,
2ea13b06-0076-44a8-b659-aa450d733f42,,Cetrimide 20%,Cetrimide,Solution,20%,
b752ba80-90bc-4fb4-9c39-944a6b6cbd8d,,Chlorhexidine 5%,Chlorhexidine,Solution,5%,
689e924f-bab9-4e3d-98bb-dd606e168baf,,Denatured ethanol 70%,Denatured ethanol,Solution,70%,
2b03539e-b4c8-4856-b4ac-9ec9fb83c7c4,,Glutaral 2%,Glutaral,Solution,2%,
8cd18da3-c8fa-4dbf-9dfd-95005113f3c2,,Potassium permanganate,Potassium permanganate,Crystals,,
18a73a41-ef0b-4e47-8f91-da13b3db70bf,,Furosemide 40 mg,Furosemide,Tablet,40 mg,
29e1f41c-c484-486e-83b4-d9c2ee93f5ae,,Furosemide 10 mg/ml,Furosemide,Oral solution,10 mg/ml,
50dff93e-01f7-4236-95ce-80d7e21ff68e,,Furosemide 10 mg/ ml,Furosemide,Injection,10 mg/ ml,
a905dc3d-887c-403a-8a71-d577e481068a,,Hydrochlorothiazide 50 mg,Hydrochlorothiazide,Tablet,50 mg,
f4f66306-adc0-4ed0-b89e-d990e6c2dc3a,,Mannitol 10%,Mannitol,Injection,10%,
e63ce273-0ce7-4927-86c6-c351950172d5,,Mannitol 20%,Mannitol,Injection,20%,
f7beee8d-ec2d-4f21-8a13-a2dd3b4fc5ba,,Spironolactone 25 mg,Spironolactone,Tablet,25 mg,
e37043e8-7bf7-4733-8fa7-032fba720327,,Spironolactone 50 mg,Spironolactone,Tablet,50 mg,
9f7040f5-950e-42a4-b79d-26cc5b3f013c,,Clotrimazole 1% drops,Clotrimazole,Drops,1%,
8d768aea-2d7e-4bed-af8b-c700324991d6,,Xylometazoline 0.05%,Xylometazoline,Nasal solution,0.05%,
aff1834b-9657-4dd4-bd6f-52ca74943e9a,,Xylometazoline 0.10%,Xylometazoline,Nasal solution,0.10%,
a8fd5236-ec8c-408a-a43d-f70a68e7212f,,Omeprazole 10 mg,Omeprazole,Oral capsule,10 mg,
c0a5884a-c983-483c-a235-3c6121e8880f,,Omeprazole 20 mg,Omeprazole,Oral capsule,20 mg,
f53812a4-08d2-4f5e-a2d9-4503bd1ef7d2,,Pantoprazole 40 mg,Pantoprazole,Injection,40 mg,
f8fcbb24-e781-44c2-8083-3b44e5977821,,Ranitidine 150 mg,Ranitidine,Tablet,150 mg,
6c89cb5a-b4b7-4b1c-ad54-42a1c0cd32fb,,Ranitidine 75 mg/5 ml,Ranitidine,Oral solution,75 mg/5 ml,
b110f584-9bcf-4e47-9607-fc5bb89a1d20,,Ranitidine 25 mg/ml,Ranitidine,Injection,25 mg/ml,
4d2889fb-a952-4f2e-a814-f610e59505da,,Domperidone 10 mg,Domperidone,Tablet,10 mg,
c1749daf-c945-4b38-a396-2b95fab6153e,,Domperidone 1 mg/ml,Domperidone,Oral solution,1 mg/ml,
1ccb7a43-aebf-47a6-861d-94d16f5af6fe,,Ondansetron 4 mg,Ondansetron,Tablet,4 mg,
7d0ace73-0867-4589-bfd2-366e80ac3771,,Ondansetron 2 mg/5 ml,Ondansetron,Oral solution,2 mg/5 ml,
5b85dcb1-2a2e-4cc0-883a-5254ded59037,,Ondansetron 2 mg/ml,Ondansetron,Injection,2 mg/ml,
7c728f61-f473-41fb-bfd1-5cfb801b816a,,Dicyclomine 10 mg,Dicyclomine,Tablet,10 mg,
dbd917e2-f0e2-42c3-ae57-1aa5591c7ad7,,Dicyclomine 10mg/5ml,Dicyclomine,Oral solution,10mg/5ml,
1de5d9b8-5dc3-43d6-8f69-4a3c14d20997,,Dicyclomine 10 mg/ml,Dicyclomine,Injection,10 mg/ml,
22b3c8a8-d6ac-4cc5-adcf-069d9cac6bc5,,Hyoscine butylbromide 10 mg,Hyoscine butylbromide,Tablet,10 mg,
4c756918-9a5f-41a8-8504-50acbd8f3547,,Hyoscine butylbromide 20 mg/ml,Hyoscine butylbromide,Injection,20 mg/ml,
43afca18-8df0-4fd5-86f1-5db8f7737003,,Bisacodyl 5 mg tablet,Bisacodyl,Tablet,5 mg,
1c4b9386-6ccc-4d47-996f-a843322c2292,,Bisacodyl 5 mg suppository,Bisacodyl,Suppository,5 mg,
abdd5ee2-bfc6-43bb-87d7-9c4f28570e53,,Lactulose 10 g/15 ml,Lactulose,Oral solution,10 g/15 ml,
f9bbc9a6-87dc-419d-9c52-db2fa922c504,,Oral rehydration salts,Oral rehydration salts,,,
e092156a-874d-44ef-98ba-cc11bea2c778,,Zinc sulphate 20 mg,Zinc sulphate,Disintegrating tablet,20 mg,
df8230ee-15b5-40cc-bd30-22c0c49902eb,,Hydrocortisone 5 mg,Hydrocortisone,Tablet,5 mg,
4f3cbdc6-b72e-49b4-87b0-b3fb9090983c,,Hydrocortisone 10 mg,Hydrocortisone,Tablet,10 mg,
b33564e0-8394-4901-be29-ab1537f8d94b,,Hydrocortisone 100 mg/ml,Hydrocortisone,Injection,100 mg/ml,
40c53b01-dc6b-4404-8aaa-a3ebe8783e21,,Methylprednisolone 8 mg,Methylprednisolone,Tablet,8 mg,
d011f5a8-1928-4dd8-9f8d-935229d2537d,,Methylprednisolone 16 mg,Methylprednisolone,Tablet,16 mg,
b5526219-a2c3-4015-8cc7-636c0285d7e1,,Methylprednisolone 32 mg,Methylprednisolone,Tablet,32 mg,
a6cab85d-7bdd-4467-9da4-0fdc917b48dd,,Methylprednisolone 40 mg/ml,Methylprednisolone,Injection,40 mg/ml,
7f7316f1-e9bd-4180-b98c-08a5244eb8c7,,Prednisolone 20 mg,Prednisolone,Tablet,20 mg,
bd7b9785-e224-4d4d-8834-fe6b5b13a93e,,Ethinylestradiol 0.03 mg + Levonorgestrel 0.15 mg,Ethinyl estradiol / levonorgestrel,Tablet,,
82266d91-d4c5-4134-8816-c351374984c1,,Ethinylestradiol 0.035 mg + Norethisterone 1 mg,Ethinyl estradiol / levonorgestrel,Tablet,,
f8aca24c-6b5b-4c5e-8dee-d2250693257d,,Ethinyl estradiol 0.01 mg,Ethinyl estradiol,Tablet,0.01 mg,
1bc8a38c-ab75-43cc-8ab5-b7f0d6e8f98a,,Ethinyl estradiol 0.05 mg,Ethinyl estradiol,Tablet,0.05 mg,
4833551c-b97c-4794-b073-2c2093d063d6,,Levonorgestrel 0.75 mg,Levonorgestrel,Tablet,0.75 mg,
69bcc27f-013f-4469-b2d2-2d6a363b8487,,Glimepiride 1 mg,Glimepiride,Tablet,1 mg,
0a1b1a37-1d34-416f-8df5-3ea4d9255e67,,Glimepiride 2 mg,Glimepiride,Tablet,2 mg,
7ca4a080-20ef-4a05-aa43-842f97ca31ae,,"Insulin, regular 40 IU/ml","Insulin, regular",Injection,40 IU/ml,
f0aec1ee-9c29-424d-875d-4ed0f345a4cd,,"Insulin, isophane, human 40 IU/ml","Insulin, isophane, human",Injection,40 IU/ml,
28ead397-996f-44ec-a02f-887d1f515817,,Metformin 500 mg,Metformin,Tablet,500 mg,
fd17f267-14a6-48b7-b08a-cda3b1c54035,,Metformin 750 mg,Metformin,Tablet,750 mg,
9e8c9347-e069-4421-84dc-b14dcf5b24e2,,Metformin 1000 mg,Metformin,Tablet,1000 mg,
c333352a-274a-45e8-ade3-bb2352841c25,,Insulin 70/30 40 IU/ml,Insulin 70/30,Injection,40 IU/ml,
42fe0cef-04d4-4a5e-b377-8874193c4ca4,,Glucose ( Hypoglycaemia),Glucose,Injection,25%,
342d1787-600d-4cad-ae6f-90bb42b46e8f,,Clomiphene 50 mg,Clomiphene,Tablet,50 mg,
16987b6d-ab44-4aa7-83cd-00018bda3877,,Clomiphene 100 mg,Clomiphene,Tablet,100 mg,
506de042-4668-4d59-b4bc-e109420b33a3,,Norethindrone 5 mg,Norethindrone,Tablet,5 mg,
5b335d4d-896f-4362-91b2-211a8e3ce965,,Carbimazole 5 mg,Carbimazole,Tablet,5 mg,
ddc96fd6-8aef-48ee-bee1-9d5cb6083de4,,Carbimazole 10 mg,Carbimazole,Tablet,10 mg,
12b3abe8-9f79-4d2a-b560-ba972fddc442,,Thyroxine 12.5 mcg,Thyroxine,Tablet,12.5 mcg,
572680ca-96e2-467b-bfdd-87c6afe3d86b,,Thyroxine 150 mcg,Thyroxine,Tablet,150 mcg,
d351afb1-084f-493d-ab34-00be32002f52,,Atracurium 10 mg/ml,Atracurium,Injection,10 mg/ml,
021982ea-a8b9-4f36-900a-5234e5795e27,,Neostigmine 15 mg,Neostigmine,Tablet,15 mg,
a82ef50b-cf8d-43fc-b675-81cb3e68e902,,Lung surfactant suspension,Lung surfactant,Suspension,,
b003fa06-460b-4d2c-ab42-9500d3d96ce6,,Lung surfactant,Lung surfactant,,,
d8aa7f88-15aa-4eac-bac4-36746d9f2996,,Acyclovir 3%,Acyclovir,Ointment,3%,
05233471-9e66-460f-88c8-69c79a23e4f4,,Ciprofloxacin 0.30% drops,Ciprofloxacin,Drops,0.30%,
4321b3cd-da7a-4c28-9c29-091044630d38,,Ciprofloxacin 0.30% ointment,Ciprofloxacin,Ointment,0.30%,
e28a2668-8597-4c0d-8238-3afd34f5a961,,Erythromycin 0.50%,Erythromycin,Ointment,0.50%,
76ba97ba-a462-4984-bab3-165e80a53dbf,,Gentamicin 0.30%,Gentamicin,Drops,0.30%,
6ce64541-a174-4c62-8841-ee75906ed65e,,Povidone-iodine 0.60%,Povidone-iodine,Drops,0.60%,
3187760d-c931-45e1-82c9-d3fd17a351b1,,Povidone-iodine 5%,Povidone-iodine,Drops,5%,
6aee10b5-12ca-40b2-9738-4392a97d5c7f,,Prednisolone 0.10%,Prednisolone,Drops,0.10%,
d1195699-753e-46c1-8e85-9d1942ffffc6,,Prednisolone 1%,Prednisolone,Drops,1%,
ba4ba667-b632-407f-b24c-894337a4e314,,Proxymetacaine 0.50%,Proxymetacaine,Drops,0.50%,
31a5e4ca-3b39-4a3c-8528-8b9f82562550,,Acetazolamide 250 mg,Acetazolamide,Tablet,250 mg,
a2d985d1-0c95-4e33-bf3f-e19bd5e9fe2d,,Pilocarpine 2%,Pilocarpine,Drops,2%,
be16b173-125d-4739-9967-1085a958e38c,,Pilocarpine 4%,Pilocarpine,Drops,4%,
3cc4962c-e6ba-4f68-b4ee-8a4a29b18d8a,,Timolol 0.25%,Timolol,Drops,0.25%,
195afbfc-3323-42cc-acaa-ccb11ea2d934,,Timolol 0.50%,Timolol,Drops,0.50%,
2b8465f0-bbac-4bd4-8bf1-3973ca6df02b,,Atropine 1% drops,Atropine,Drops,1%,
8359c692-aef7-45d9-b7e4-c3509f3f6e0b,,Atropine 1% ointment,Atropine,Ointment,1%,
8d40d97b-e2f8-499e-9572-a7577f704577,,Homatropine 2%,Homatropine,Drops,2%,
aff7b367-b373-4c7b-93ae-62cd20bf59e7,,Phenylephrine 5%,Phenylephrine,Drops,5%,
4d4b719d-8671-47e2-bd22-819b2a54c525,,Phenylephrine 10%,Phenylephrine,Drops,10%,
1084d544-3acb-4b0c-a4d1-b2322c401239,,Tropicamide 1% drops,Tropicamide,Drops,1%,
e914b7e5-65db-410e-bf4d-66116e8960e7,,Carboxymethylcellulose 0.50%,Carboxymethylcellulose,Drops,0.50%,
ff0a19d4-7514-4928-813a-6beb11799e1b,,Carboxymethylcellulose 1%,Carboxymethylcellulose,Drops,1%,
65743828-20d7-4e1c-96fc-d94cf68eba42,,Dinoprostone 0.5 mg tablet,Dinoprostone,Tablet,0.5 mg,
3e01ffa5-d03c-4e13-85c5-03e076908d85,,Dinoprostone 0.5 mg gel,Dinoprostone,Gel,0.5 mg,
2a10b8b7-53ee-432b-b3c3-be57d263af8e,,Methylergonovine 0.125 mg,Methylergonovine,Tablet,0.125 mg,
12d6c416-9711-427d-a34a-7fc3c31961b6,,Methylergonovine 0.2 mg/ml,Methylergonovine,Injection,0.2 mg/ml,
c3f3c615-1dae-4232-9479-20f10cff5f52,,Mifepristone 200 mg,Mifepristone,Tablet,200 mg,
ecc18b45-d655-4ddb-a8f5-7fcb5c38c54c,,Misoprostol 100 mcg,Misoprostol,Tablet,100 mcg,
1a274981-63d3-45ef-8ecd-edfac6b673e9,,Misoprostol 200 mcg,Misoprostol,Tablet,200 mcg,
a6f7d043-d5f4-4654-b010-9bd4d341d05a,,Oxytocin 5 IU/ml,Oxytocin,Injection,5 IU/ml,
6b503cb8-9b19-47c1-a1de-d14f304b6014,,Oxytocin 10 IU/ml,Oxytocin,Injection,10 IU/ml,
60dc3ce7-81ac-45b5-860c-80a6a3e95f1b,,Betamethasone 4 mg/ml,Betamethasone,Injection,4 mg/ml,
6f8d006d-a269-4690-8d1f-ed98b759d818,,Nifedipine 10 mg,Nifedipine,Tablet,10 mg,
00a01329-4da8-4d86-87e4-77b43691810f,,Risperidone 2 mg,Risperidone,Tablet,2 mg,
ec627dfc-a55c-4bf2-b2c0-899104c1b880,,Risperidone 4 mg,Risperidone,Tablet,4 mg,
a6114ace-902c-44a8-a067-928d78317904,,Risperidone 1 mg,Risperidone,Tablet,1 mg,
c4519fcd-3d90-419e-ab43-f71e0ddb4985,,Risperidone 1 mg/ml,Risperidone,Oral solution,1 mg/ml,
2851c65c-d541-45bf-9353-a44de2f87bc8,,Amitriptyline 10 mg,Amitriptyline,Tablet,10 mg,
7c206838-0b9b-4919-9f77-f179544410f2,,Amitriptyline 25 mg,Amitriptyline,Tablet,25 mg,
cb3d7744-24fa-4a92-9044-776674767fed,,Amitriptyline 50 mg,Amitriptyline,Tablet,50 mg,
900c8ad8-71df-4c95-a839-90b8b9227da9,,Amitriptyline 75 mg,Amitriptyline,Tablet,75 mg,
9d03c016-39fd-411d-a5e9-f9d21e487e84,,Escitalopram 5 mg,Escitalopram,Tablet,5 mg,
b07a4223-5efe-4119-87d9-e2adfe515937,,Escitalopram 10 mg,Escitalopram,Tablet,10 mg,
32f7a397-ee08-471b-9059-3a86b21d4eff,,Escitalopram 20 mg,Escitalopram,Tablet,20 mg,
c2d9451c-4125-4be2-a253-4058dddac32f,,Fluoxetine 10 mg,Fluoxetine,Oral capsule,10 mg,
0cd647cf-c58c-4927-86b9-19d676729639,,Lithium 300 mg,Lithium,Tablet,300 mg,
2d552aa2-0644-4153-b690-245c67371727,,Sodium valproate 500 mg,Sodium valproate,Tablet,500 mg,
c8b6e47c-e42a-4923-8643-f82f19e1c2f2,,Clonazepam 0.25 mg,Clonazepam,Tablet,0.25 mg,
aaa22ab5-e12b-40b3-bfe4-f8a09a55c9fa,,Clonazepam 0.5 mg,Clonazepam,Tablet,0.5 mg,
af55427f-446e-4504-b1da-7e39d7d62aca,,Clonazepam 1 mg,Clonazepam,Tablet,1 mg,
8f1df67b-95c5-4725-bea0-8b8d0aec546b,,Clomipramine 10 mg,Clomipramine,Oral capsule,10 mg,
2d1f1e70-4371-4795-bc92-8d1227ecb525,,Clomipramine 25 mg,Clomipramine,Oral capsule,25 mg,
44455578-e823-46cd-9e5d-179357a84fce,,Clomipramine 75 mg,Clomipramine,Oral capsule,75 mg,
3ed4ac7a-8123-4932-b625-a0f9c517e8bd,,Fluoxetine 20 mg,Fluoxetine,Oral capsule,20 mg,
af4d8fc2-b5c7-43b4-acd8-b2760a1edaee,,Fluoxetine 40 mg,Fluoxetine,Oral capsule,40 mg,
94f08211-dbd1-453e-933f-fb8d0c408a95,,Fluoxetine 60 mg,Fluoxetine,Oral capsule,60 mg,
400b237c-b213-4a7c-8f2c-b4dc25f639a5,,Budesonide 100 mcg/dose,Budesonide,Inhalation powder,100 mcg/dose,
e8a3dcc4-9142-434e-a53e-0a8c2279fa62,,Budesonide 200 mcg/dose,Budesonide,Inhalation powder,200 mcg/dose,
5ddda6f0-f69c-4456-9425-abff74579297,,Budesonide 0.5 mg/ml,Budesonide,Solution,0.5 mg/ml,
dca16444-8ce3-46c2-95e0-658b0616e8d2,,Budesonide 1 mg/ml,Budesonide,Solution,1 mg/ml,
8955dcd4-7a86-48a9-8aee-1705f0c81bff,,Budesonide 100 mcg + Formoterol 6 mcg,Budesonide / formoterol,Inhalation powder,,
b45cd0a3-19eb-49db-8d18-710e2b34b5e8,,Budesonide 200 mcg + Formoterol 6 mcg,Budesonide / formoterol,Inhalation powder,,
4567ca57-a082-443d-82c7-6bbf105b7d73,,Budesonide 400 mcg + Formoterol 6 mcg,Budesonide / formoterol,Inhalation powder,,
ee7fa92c-8854-41f3-b8dc-fbb0ce54f198,,Hydrocortisone 100 mg injection,Hydrocortisone,Injection,100 mg,
069c1f59-0c11-4c9d-8628-b04aa6509c46,,Hydrocortisone 200 mg,Hydrocortisone,Injection,200 mg,
366351e8-a6e5-4c19-98a5-d9545cb58f7a,,Ipratropium 250 mcg/ml,Ipratropium,Solution,250 mcg/ml,
028cf81f-32ee-406a-b586-df098e267017,,Ipratropium 20 mcg/dose,Ipratropium,Inhalation powder,20 mcg/dose,
7faed304-be2a-40fc-93ed-450d8b4676bf,,Salbutamol 2 mg,Salbutamol,Tablet,2 mg,
f0276c14-0d9a-45ef-a456-57a914860c82,,Salbutamol 4 mg,Salbutamol,Tablet,4 mg,
b4142884-cbba-4b4f-8c84-3153b262f3a3,,Salbutamol 2 mg/5 ml,Salbutamol,Oral solution,2 mg/5 ml,
93ff8c58-69e8-4259-a555-da2136220c71,,Salbutamol 100 mcg/dose,Salbutamol,Inhalation powder,100 mcg/dose,
d94088aa-8664-440c-acf2-5206e5ece203,,Salbutamol 5mg/ml,Salbutamol,Solution,5mg/ml,
2ad9d7bb-a5fa-4b65-a3cc-a8cb7647b576,,Tiotropium 9 mcg/dose,Tiotropium,Inhalation powder,9 mcg/dose,
ed9f7927-f7de-4f77-bccc-6f789cad770a,,Tiotropium 18 mcg/dose,Tiotropium,Inhalation powder,18 mcg/dose,
1e1ea3d6-c642-4615-bd3b-93819b2b1708,,Glucose 5%,Glucose,Injection,5%,
2d0237d2-48b4-4aa8-865b-91393db07c79,,Glucose 10%,Glucose,Injection,10%,
9adfb68d-3994-41b8-abd7-e013de9cbcc6,,Glucose 25%,Glucose,Injection,25%,
fe287162-ac4a-49d0-9f09-08bdca3dd7c8,,Glucose 50%,Glucose,Injection,50%,
2c6dc8e6-a60a-4140-a088-799835192515,,Glucose / sodium chloride,Glucose / sodium chloride,Injection,,
8882c534-8cc0-49a6-b395-dc28504d41be,,Potassium chloride 150 mg/ml,Potassium chloride,Injection,150 mg/ml,
056d2cb3-f24e-48d8-876a-098a507b8645,,Potassium chloride 500 mg/5 ml,Potassium chloride,Oral solution,500 mg/5 ml,
b091bbe6-9281-4545-a367-c885e7ab805f,,Ringer's lactate as per IP,Ringer's lactate,Injection,as per IP,
7c1694f1-62e2-46ba-b334-526cca24c5d2,,Sodium bicarbonate as per IP,Sodium bicarbonate,Injection,as per IP,
33dd5f01-373e-4717-a0f1-89ae54f16fe1,,Sodium chloride 0.90%,Sodium chloride,Injection,0.90%,
4887909b-7a7a-494c-8851-6f3f2b22c2cd,,Sodium chloride 0.45%,Sodium chloride,Injection,0.45%,
1df54ab4-afa1-4282-b1e7-b7327654c7bd,,Sodium chloride 3%,Sodium chloride,Injection,3%,
2e5506c2-14f5-4f1f-be16-21f5964dbad3,,Ascorbic acid 100 mg,Ascorbic acid,Tablet,100 mg,
692b1c8c-2f36-4ee1-8c48-d61a0080d4d7,,Ascorbic acid 500 mg,Ascorbic acid,Tablet,500 mg,
bd053f1c-c623-4fd2-8953-3b1323874232,,Calcium carbonate 250 mg,Calcium carbonate,Tablet,250 mg,
dac8c1a4-3461-4a85-9c76-02814c144115,,Calcium carbonate 500 mg,Calcium carbonate,Tablet,500 mg,
cd3b1f73-022b-4da1-a0bf-a522f67f6954,,Cholecalciferol 1000 IU,Cholecalciferol,Tablet,1000 IU,
dacec69c-cf54-480d-b5bd-234e8f90c7f5,,Cholecalciferol 60000 IU,Cholecalciferol,Tablet,60000 IU,
76acbcab-e4ad-410f-b09a-aeb13dd09597,,Cholecalciferol 400 IU/ml,Cholecalciferol,Oral solution,400 IU/ml,
0f850d15-d71c-402c-ac0f-d07f0526d498,,Niacinamide 50 mg,Niacinamide,Tablet,50 mg,
3fcea187-a7c1-4057-b8da-57f41724c1a1,,Pyridoxine 10 mg,Pyridoxine,Tablet,10 mg,
2638f9e7-1187-4094-93ae-1de186da5db8,,Pyridoxine 50 mg,Pyridoxine,Tablet,50 mg,
d139f5a7-5fdd-42e0-bc48-fc4c39293bab,,Pyridoxine 100 mg,Pyridoxine,Tablet,100 mg,
e4dcf386-ef78-4ed5-94c6-55c0e25a638a,,Riboflavin 5 mg,Riboflavin,Tablet,5 mg,
6dd155d1-0cda-4b40-83b0-981db4320165,,Thiamine 100 mg,Thiamine,Tablet,100 mg,
e1b859aa-4f63-40d7-b615-960d04026ff4,,Thiamine 100 mg/ml,Thiamine,Injection,100 mg/ml,
a1c1eead-971e-4306-ae58-9a88bc429745,,Vitamin A 5000 IU,Vitamin A,Oral capsule,5000 IU,
c9d7e17e-92e0-4c37-8066-00d3619fd89d,,Vitamin A 50000 IU,Vitamin A,Oral capsule,50000 IU,
9303b3f6-a756-43c8-b4ae-7480a1d4db94,,Vitamin A 100000 IU,Vitamin A,Oral capsule,100000 IU,
68aaeb66-227d-4115-8d63-88881adb4dd1,,Vitamin A 100000 IU/ml,Vitamin A,Oral solution,100000 IU/ml,
2f2a0f8c-6c52-4fb5-935d-d93367b35fa2,,Anti-rabies vaccine,Anti-rabies vaccine,,,
26e57e94-de4f-4fe0-abe3-cce9071476d5,,Aripiprazole 10 mg,Aripiprazole,Tablet,10 mg,
6994a028-ea5b-4242-9671-d135765e5271,,Aripiprazole 15 mg,Aripiprazole,Tablet,15 mg,
7ecb8bb9-f38d-437d-81c4-a4f05e1b7b27,,Aripiprazole 20 mg,Aripiprazole,Tablet,20 mg,
9592036a-04f6-45fb-bd1d-8618126c644d,,Clozapine 50 mg,Clozapine,Tablet,50 mg,
9a79a2e2-a563-4e37-9d79-2134572a0f8a,,Clozapine 100 mg,Clozapine,Tablet,100 mg,
84998ea9-a330-4fce-91d8-c4fea3d78100,,Clozapine 200 mg,Clozapine,Tablet,200 mg,
667ca75e-9684-4f05-ae5d-08da8c1ea599,,Fenofibrate 200 mg,Fenofibrate,Tablet,200 mg,
5020ee64-0d34-4317-bcfa-0cad4ed4e3f0,,Sitagliptin 50 mg,Sitagliptin phosphate,Tablet,50 mg,
5578be48-3a0f-4fcd-a9d2-96049e09bb24,,Calcium 500mg + Vitamin D3 250iu,Calcium / vitamin D,Tablet,,
dfab33ed-55e1-40de-8292-820609f900a2,,Topiramate 50 mg,Topiramate,Tablet,50 mg,
cfe2a553-130f-4d7a-908f-b761fc688c37,,Amisulpride 50 mg,Amisulpride,Tablet,50 mg,
12857888-6ebc-46ce-89f2-1343b3523e2e,,Amisulpride 100 mg,Amisulpride,Tablet,100 mg,
e6f008da-05db-4904-a6c9-567c3288d145,,Amisulpride 200 mg,Amisulpride,Tablet,200 mg,
adc5fa74-2705-4c4d-a1b2-d32ef7f0dcac,,Paroxetine 12.5 mg,Paroxetine,Tablet,12.5 mg,
fe561156-d788-4f5c-935e-d50b09257b58,,Paroxetine 25 mg,Paroxetine,Tablet,25 mg,
c8a59791-8cba-4efc-981c-4b7907a0ee85,,Paroxetine 37.5 mg,Paroxetine,Tablet,37.5 mg,
e09aad54-aceb-4e95-8ade-7b615043faf6,,Donepezil 5 mg,Donepezil,Tablet,5 mg,
6aa01e08-09d5-4c18-854f-b41d1641fee2,,Donepezil 10 mg,Donepezil,Tablet,10 mg,
e7c07ce7-603a-4f1d-bf26-de15e406727b,,Memantine 5 mg,Memantine,Tablet,5 mg,
eb8ac722-739a-4ca9-b274-9ed7a5c9a65b,,Memantine 10 mg,Memantine,Tablet,10 mg,
991ccfc0-6583-44b4-a223-b8173c4b7418,,Darifenacin 7.5 mg,Darifenacin,Tablet,7.5 mg,
4ff8f50c-242d-4d4c-8178-6a7566bd3bf9,,Darifenacin 15 mg,Darifenacin,Tablet,15 mg,